,Cezanne,Degas,Gauguin,Hassam,Matisse,Monet,Pissarro,Renoir,Sargent,VanGogh,accuracy,macro avg,weighted avg
precision,0.29545454545454547,0.37735849056603776,0.2660098522167488,0.3181818181818182,0.2857142857142857,0.3875,0.35772357723577236,0.3684210526315789,0.2864583333333333,0.3829787234042553,0.3191919191919192,0.33258006787383765,0.3325800678738376
recall,0.13131313131313133,0.20202020202020202,0.5454545454545454,0.0707070707070707,0.32323232323232326,0.31313131313131315,0.4444444444444444,0.42424242424242425,0.5555555555555556,0.18181818181818182,0.3191919191919192,0.3191919191919192,0.3191919191919192
f1-score,0.18181818181818182,0.26315789473684215,0.3576158940397351,0.11570247933884296,0.3033175355450237,0.3463687150837989,0.3963963963963964,0.3943661971830986,0.3780068728522337,0.24657534246575344,0.3191919191919192,0.2983325509459907,0.29833255094599065
support,99.0,99.0,99.0,99.0,99.0,99.0,99.0,99.0,99.0,99.0,0.3191919191919192,990.0,990.0
