,Cezanne,Degas,Gauguin,Hassam,Matisse,Monet,Pissarro,Renoir,Sargent,VanGogh,accuracy,macro avg,weighted avg
precision,0.2631578947368421,0.29213483146067415,0.39080459770114945,0.38636363636363635,0.32857142857142857,0.302158273381295,0.24193548387096775,0.34375,0.4186046511627907,0.3763440860215054,0.3191919191919192,0.33438248832702894,0.33438248832702894
recall,0.10101010101010101,0.26262626262626265,0.3434343434343434,0.1717171717171717,0.23232323232323232,0.42424242424242425,0.6060606060606061,0.3333333333333333,0.36363636363636365,0.35353535353535354,0.3191919191919192,0.3191919191919192,0.3191919191919192
f1-score,0.14598540145985403,0.2765957446808511,0.3655913978494624,0.23776223776223776,0.27218934911242604,0.35294117647058826,0.345821325648415,0.3384615384615385,0.3891891891891892,0.3645833333333333,0.3191919191919192,0.3089120693967896,0.3089120693967896
support,99.0,99.0,99.0,99.0,99.0,99.0,99.0,99.0,99.0,99.0,0.3191919191919192,990.0,990.0
