,Cezanne,Degas,Gauguin,Hassam,Matisse,Monet,Pissarro,Renoir,Sargent,VanGogh,accuracy,macro avg,weighted avg
precision,0.2193877551020408,0.4411764705882353,0.42045454545454547,0.2345679012345679,0.45454545454545453,0.3287671232876712,0.3629032258064516,0.43137254901960786,0.49206349206349204,0.38461538461538464,0.34040404040404043,0.37698539017174515,0.37698539017174515
recall,0.43434343434343436,0.15151515151515152,0.37373737373737376,0.3838383838383838,0.20202020202020202,0.24242424242424243,0.45454545454545453,0.4444444444444444,0.31313131313131315,0.40404040404040403,0.34040404040404043,0.3404040404040404,0.34040404040404043
f1-score,0.29152542372881357,0.2255639097744361,0.39572192513368987,0.2911877394636015,0.2797202797202797,0.27906976744186046,0.40358744394618834,0.43781094527363185,0.38271604938271603,0.3940886699507389,0.34040404040404043,0.33809921538159565,0.33809921538159565
support,99.0,99.0,99.0,99.0,99.0,99.0,99.0,99.0,99.0,99.0,0.34040404040404043,990.0,990.0
