,monet,cezanne,accuracy,macro avg,weighted avg
precision,0.21621621621621623,0.23391812865497075,0.22535211267605634,0.2250671724355935,0.2250671724355935
recall,0.20925553319919518,0.2414486921529175,0.22535211267605634,0.22535211267605634,0.22535211267605634
f1-score,0.21267893660531695,0.2376237623762376,0.22535211267605634,0.22515134949077728,0.22515134949077728
support,497.0,497.0,0.22535211267605634,994.0,994.0
