,monet,cezanne,accuracy,macro avg,weighted avg
precision,0.9326923076923077,0.9578947368421052,0.9447236180904522,0.9452935222672065,0.9451035542082884
recall,0.9603960396039604,0.9285714285714286,0.9447236180904522,0.9444837340876945,0.9447236180904522
f1-score,0.9463414634146341,0.9430051813471502,0.9447236180904522,0.9446733223808921,0.9446984702356721
support,101.0,98.0,0.9447236180904522,199.0,199.0
