,monet,cezanne,accuracy,macro avg,weighted avg
precision,0.20608899297423888,0.2786596119929453,0.24748490945674045,0.2423743024835921,0.24237430248359212
recall,0.17706237424547283,0.317907444668008,0.24748490945674045,0.24748490945674043,0.24748490945674045
f1-score,0.19047619047619047,0.29699248120300753,0.24748490945674045,0.243734335839599,0.243734335839599
support,497.0,497.0,0.24748490945674045,994.0,994.0
