,monet,cezanne,accuracy,macro avg,weighted avg
precision,0.9245283018867925,0.967741935483871,0.9447236180904522,0.9461351186853317,0.9458093877788211
recall,0.9702970297029703,0.9183673469387755,0.9447236180904522,0.9443321883208728,0.9447236180904522
f1-score,0.9468599033816426,0.9424083769633509,0.9447236180904522,0.9446341401724967,0.9446676943917302
support,101.0,98.0,0.9447236180904522,199.0,199.0
