0,1,2,3,4,5,6,7,8,9,accuracy,macro avg,weighted avg
0.9651741293532339,0.926530612244898,0.9114583333333334,0.9045454545454545,0.9132947976878613,0.874251497005988,0.9553072625698324,0.9313725490196079,0.8736842105263158,0.9170305676855895,0.918,0.9172649413972115,0.9175972162174302
0.9797979797979798,0.978448275862069,0.9020618556701031,0.8844444444444445,0.9575757575757575,0.8538011695906432,0.95,0.9359605911330049,0.8383838383838383,0.8974358974358975,0.918,0.9177909809893737,0.918
0.9724310776942355,0.9517819706498952,0.9067357512953368,0.8943820224719102,0.9349112426035504,0.8639053254437871,0.9526462395543176,0.9336609336609336,0.8556701030927836,0.9071274298056157,0.918,0.9173252096272366,0.9175928093510074
198.0,232.0,194.0,225.0,165.0,171.0,180.0,203.0,198.0,234.0,0.918,2000.0,2000.0
