0,1,2,3,4,5,6,7,8,9,accuracy,macro avg,weighted avg
0.0,0.116,0.0,0.0,0.0,0.0,0.0,0.0,0.0,0.0,0.116,0.011600000000000001,0.013456000000000001
0.0,1.0,0.0,0.0,0.0,0.0,0.0,0.0,0.0,0.0,0.116,0.1,0.116
0.0,0.2078853046594982,0.0,0.0,0.0,0.0,0.0,0.0,0.0,0.0,0.116,0.02078853046594982,0.02411469534050179
198.0,232.0,194.0,225.0,165.0,171.0,180.0,203.0,198.0,234.0,0.116,2000.0,2000.0
