0,1,2,3,4,5,6,7,8,9,accuracy,macro avg,weighted avg
0.21389195148842338,0.9647058823529412,0.0,0.0,0.0,0.0,0.0,0.17984832069339113,0.0,0.0,0.262,0.13584461545347556,0.15133579010067427
0.9797979797979798,0.7068965517241379,0.0,0.0,0.0,0.0,0.0,0.8177339901477833,0.0,0.0,0.262,0.2504428521669901,0.262
0.35113122171945704,0.8159203980099502,0.0,0.0,0.0,0.0,0.0,0.2948490230905862,0.0,0.0,0.262,0.14619006428199935,0.159335932963075
198.0,232.0,194.0,225.0,165.0,171.0,180.0,203.0,198.0,234.0,0.262,2000.0,2000.0
