0,1,2,3,4,5,6,7,8,9,accuracy,macro avg,weighted avg
0.9470899470899471,0.9537815126050421,0.9239130434782609,0.8755186721991701,0.8713450292397661,0.8303030303030303,0.936046511627907,0.916256157635468,0.8373205741626795,0.9035087719298246,0.9005,0.8995083250271098,0.9012422992714838
0.9040404040404041,0.978448275862069,0.8762886597938144,0.9377777777777778,0.9030303030303031,0.8011695906432749,0.8944444444444445,0.916256157635468,0.8838383838383839,0.8803418803418803,0.9005,0.8975635877407819,0.9005
0.9250645994832041,0.9659574468085107,0.8994708994708995,0.9055793991416309,0.8869047619047619,0.8154761904761906,0.9147727272727273,0.916256157635468,0.85995085995086,0.8917748917748918,0.9005,0.8981207933919146,0.9004540189009352
198.0,232.0,194.0,225.0,165.0,171.0,180.0,203.0,198.0,234.0,0.9005,2000.0,2000.0
