,0,1,2,3,4,5,6,7,8,9,accuracy,macro avg,weighted avg
precision,0.9651741293532339,0.930327868852459,0.9123711340206185,0.8959276018099548,0.9132947976878613,0.8698224852071006,0.9606741573033708,0.9317073170731708,0.8918918918918919,0.9130434782608695,0.919,0.918423486146053,0.9186311211849802
recall,0.9797979797979798,0.978448275862069,0.9123711340206185,0.88,0.9575757575757575,0.8596491228070176,0.95,0.9408866995073891,0.8333333333333334,0.8974358974358975,0.919,0.9189498200340063,0.919
f1-score,0.9724310776942355,0.953781512605042,0.9123711340206185,0.8878923766816144,0.9349112426035504,0.8647058823529411,0.9553072625698323,0.9362745098039216,0.8616187989556137,0.9051724137931034,0.919,0.9184466211080473,0.9185747048733469
support,198.0,232.0,194.0,225.0,165.0,171.0,180.0,203.0,198.0,234.0,0.919,2000.0,2000.0
