,0,1,2,3,4,5,6,7,8,9,accuracy,macro avg,weighted avg
precision,0.9405940594059405,0.9658119658119658,0.9123711340206185,0.9155555555555556,0.8895348837209303,0.9006211180124224,0.9491525423728814,0.9174757281553398,0.8905472636815921,0.9078947368421053,0.92,0.9189558987579354,0.9199781119487453
recall,0.9595959595959596,0.9741379310344828,0.9123711340206185,0.9155555555555556,0.9272727272727272,0.847953216374269,0.9333333333333333,0.9310344827586207,0.9040404040404041,0.8846153846153846,0.92,0.9189910128601356,0.92
f1-score,0.95,0.9699570815450644,0.9123711340206185,0.9155555555555556,0.9080118694362018,0.8734939759036144,0.9411764705882353,0.9242053789731051,0.8972431077694235,0.8961038961038961,0.92,0.9188118469895716,0.9198436874595133
support,198.0,232.0,194.0,225.0,165.0,171.0,180.0,203.0,198.0,234.0,0.92,2000.0,2000.0
