,0,1,2,3,4,5,6,7,8,9,accuracy,macro avg,weighted avg
precision,0.9396984924623115,0.9620253164556962,0.8814432989690721,0.868421052631579,0.9069767441860465,0.8385093167701864,0.9234972677595629,0.8767123287671232,0.8602150537634409,0.9276018099547512,0.9005,0.898510068171977,0.9001323414183922
recall,0.9444444444444444,0.9827586206896551,0.8814432989690721,0.88,0.9454545454545454,0.7894736842105263,0.9388888888888889,0.9458128078817734,0.8080808080808081,0.8760683760683761,0.9005,0.899242547468809,0.9005
f1-score,0.9420654911838791,0.9722814498933903,0.8814432989690721,0.8741721854304636,0.9258160237388724,0.8132530120481928,0.931129476584022,0.909952606635071,0.8333333333333333,0.9010989010989011,0.9005,0.8984545778915198,0.899896871058935
support,198.0,232.0,194.0,225.0,165.0,171.0,180.0,203.0,198.0,234.0,0.9005,2000.0,2000.0
