0,1,2,3,4,5,6,7,8,9,accuracy,macro avg,weighted avg
0.9651741293532339,0.930327868852459,0.9076923076923077,0.9054054054054054,0.9127906976744186,0.8841463414634146,0.9553072625698324,0.9320388349514563,0.8918918918918919,0.9094827586206896,0.92,0.919425749847511,0.9195606537351546
0.9797979797979798,0.978448275862069,0.9123711340206185,0.8933333333333333,0.9515151515151515,0.847953216374269,0.95,0.9458128078817734,0.8333333333333334,0.9017094017094017,0.92,0.919427463382793,0.92
0.9724310776942355,0.953781512605042,0.910025706940874,0.8993288590604026,0.9317507418397627,0.8656716417910448,0.9526462395543176,0.9388753056234719,0.8616187989556137,0.9055793991416309,0.92,0.9191709283206396,0.9195277398232365
198.0,232.0,194.0,225.0,165.0,171.0,180.0,203.0,198.0,234.0,0.92,2000.0,2000.0
