0,1,2,3,4,5,6,7,8,9,accuracy,macro avg,weighted avg
0.9182692307692307,0.9521739130434783,0.9516129032258065,0.8571428571428571,0.8823529411764706,0.9230769230769231,0.8789473684210526,0.9195979899497487,0.8489583333333334,0.9029535864978903,0.903,0.9035086046636792,0.9039499491288551
0.9646464646464646,0.9439655172413793,0.9123711340206185,0.9333333333333333,0.9090909090909091,0.7719298245614035,0.9277777777777778,0.9014778325123153,0.8232323232323232,0.9145299145299145,0.903,0.900235503094644,0.903
0.9408866995073891,0.948051948051948,0.9315789473684211,0.8936170212765957,0.8955223880597014,0.840764331210191,0.9027027027027026,0.9104477611940298,0.8358974358974359,0.9087048832271761,0.903,0.9008174118495592,0.902508837842871
198.0,232.0,194.0,225.0,165.0,171.0,180.0,203.0,198.0,234.0,0.903,2000.0,2000.0
