0,1,2,3,4,5,6,7,8,9,accuracy,macro avg,weighted avg
0.97,0.930327868852459,0.9020618556701031,0.8963963963963963,0.9137931034482759,0.875,0.9550561797752809,0.9313725490196079,0.8870967741935484,0.9173913043478261,0.9185,0.9178496031703498,0.9181397915750852
0.9797979797979798,0.978448275862069,0.9020618556701031,0.8844444444444445,0.9636363636363636,0.8596491228070176,0.9444444444444444,0.9359605911330049,0.8333333333333334,0.9017094017094017,0.9185,0.9183485812838162,0.9185
0.9748743718592964,0.953781512605042,0.9020618556701031,0.890380313199105,0.9380530973451328,0.8672566371681416,0.9497206703910613,0.9336609336609336,0.859375,0.9094827586206896,0.9185,0.9178647150519506,0.918087879380405
198.0,232.0,194.0,225.0,165.0,171.0,180.0,203.0,198.0,234.0,0.9185,2000.0,2000.0
